sep=,
"Time","Output","Output1[1]","Output1[2]","Output1[3]"
s,m,-,-,-
 0.0000000000000E+00, 3.0000000000000E+00, 1.0000000000000E+00, 2.0000000000000E+00, 3.0000000000000E+00
 1.0000000000000E-02, 3.0000000000000E+00, 1.0000000000000E+00, 2.0000000000000E+00, 3.0000000000000E+00
 2.0000000000000E-02, 3.0000000000000E+00, 1.0000000000000E+00, 2.0000000000000E+00, 3.0000000000000E+00
