sep=,
"Time","v_1[1]","v_1[2]","v_1[3]","v_2[1]","v_2[2]","v_2[3]"
s,cm,cm,cm,-,-,-
 0.0000000000000E+00, 3.0000000000000E+02, 3.0000000000000E+02, 3.0000000000000E+02, 1.0000000000000E+00, 2.0000000000000E+00, 3.0000000000000E+00
 1.0000000000000E-02, 3.0000000000000E+02, 3.0000000000000E+02, 3.0000000000000E+02, 1.0000000000000E+00, 2.0000000000000E+00, 3.0000000000000E+00
 2.0000000000000E-02, 3.0000000000000E+02, 3.0000000000000E+02, 3.0000000000000E+02, 1.0000000000000E+00, 2.0000000000000E+00, 3.0000000000000E+00
