sep=,
"Time","b[1]","b[2]","b[3]"
s,-,-,-
 0.0000000000000E+00, 3.0100000000000E+02, 3.0200000000000E+02, 3.0300000000000E+02
 1.0000000000000E-02, 3.0100000000000E+02, 3.0200000000000E+02, 3.0300000000000E+02
 2.0000000000000E-02, 3.0100000000000E+02, 3.0200000000000E+02, 3.0300000000000E+02
