sep=,
"Time","b[1]","b[2]","b[3]"
s,-,-,-
 0.0000000000000E+00, 4.0000000000000E+00, 4.0000000000000E+00, 4.0000000000000E+00
 1.0000000000000E-02, 4.0000000000000E+00, 4.0000000000000E+00, 4.0000000000000E+00
 2.0000000000000E-02, 4.0000000000000E+00, 4.0000000000000E+00, 4.0000000000000E+00
